{
  "image_size": [
    640,
    480
  ],
  "camera_matrix_left": [
    [
      581.3287044720126,
      0.0,
      319.7219619623962
    ],
    [
      0.0,
      582.586035622966,
      249.04863258635467
    ],
    [
      0.0,
      0.0,
      1.0
    ]
  ],
  "dist_left": [
    -0.04907751942390877,
    0.3196567200643876,
    0.000986263184740242,
    -0.0011385857021255002,
    -0.7477930218582653
  ],
  "camera_matrix_right": [
    [
      741.2716678976617,
      0.0,
      365.59517934854796
    ],
    [
      0.0,
      748.5947658904499,
      184.4665563532233
    ],
    [
      0.0,
      0.0,
      1.0
    ]
  ],
  "dist_right": [
    0.11950880016489653,
    -0.6177214899713439,
    0.0003001041873576348,
    0.003364743713880833,
    1.1298276658668198
  ],
  "R": [
    [
      0.9994038698055375,
      -0.025642087557818622,
      -0.023116841553149903
    ],
    [
      0.02741650420482514,
      0.9964155325733673,
      0.08002763112650192
    ],
    [
      0.02098190446320543,
      -0.08061370722284032,
      0.9965245555895184
    ]
  ],
  "T": [
    0.07761043651359939,
    0.00733290885345233,
    -0.033042637330247954
  ],
  "R1": [
    [
      0.9102650233390487,
      0.09425113172373586,
      -0.4031554432899996
    ],
    [
      -0.07662089240965195,
      0.9952726038540851,
      0.059679836325660776
    ],
    [
      0.4068744599159667,
      -0.023434337761159628,
      0.913183445799247
    ]
  ],
  "R2": [
    [
      0.9166252716054144,
      0.0866060013497759,
      -0.3902531383403637
    ],
    [
      -0.10347569295434197,
      0.9943804405331839,
      -0.022367844166345414
    ],
    [
      0.3861228980802862,
      0.06088464515157977,
      0.920435857386514
    ]
  ],
  "P1": [
    [
      665.590400756708,
      0.0,
      725.0170583724976,
      0.0
    ],
    [
      0.0,
      665.590400756708,
      196.8684482574463,
      0.0
    ],
    [
      0.0,
      0.0,
      1.0,
      0.0
    ]
  ],
  "P2": [
    [
      665.590400756708,
      0.0,
      725.0170583724976,
      56.35537568314688
    ],
    [
      0.0,
      665.590400756708,
      196.8684482574463,
      0.0
    ],
    [
      0.0,
      0.0,
      1.0,
      0.0
    ]
  ],
  "Q": [
    [
      1.0,
      0.0,
      0.0,
      -725.0170583724976
    ],
    [
      0.0,
      1.0,
      0.0,
      -196.8684482574463
    ],
    [
      0.0,
      0.0,
      0.0,
      665.590400756708
    ],
    [
      0.0,
      0.0,
      -11.810592914843319,
      0.0
    ]
  ],
  "rms": 0.3795294610635022
}